lon,lat,elev_m,distance_to_next_m,cumulative_distance_km,speed_limit_mph
-3.188528,55.953389,71.1,3.419988405903103,0.0034199884059031033,20.0
-3.18856,55.953364,70.9,32.80726456025852,0.036227252966161624,20.0
-3.189063,55.953276,67.0,68.49872031911679,0.1047259732852784,20.0
-3.188765,55.952683,67.0,169.49131628015965,0.274217289565438,20.0
-3.188045,55.951213,87.0,120.24799867025082,0.3944652882356888,20.0
-3.187548,55.950168,89.0,52.25577886880619,0.44672106710449505,20.0
-3.187338,55.949713,79.0,32.37828572942872,0.4790993528339238,20.0
-3.187837,55.949631,79.0,111.4605399338239,0.5905598927677477,20.0
-3.187316,55.948672,82.0,37.696163810657204,0.6282560565784049,20.0
-3.187917,55.948631,81.0,60.78228493858325,0.6890383415169882,20.0
-3.188884,55.948556,84.0,22.811094863378848,0.711849436380367,20.0
-3.189245,55.948521,87.0,26.25774913601809,0.7381071855163851,20.0
-3.189659,55.948476,87.0,82.99463763125901,0.8211018231476441,20.0
-3.190969,55.948338,93.0,28.584045028291328,0.8496858681759355,20.0
-3.191421,55.948293,90.7,13.885448991900763,0.8635713171678362,20.0
-3.191634,55.948256,90.0,53.21347400687368,0.9167847911747099,20.0
-3.192445,55.948105,87.0,16.262828292949912,0.9330476194676598,20.0
-3.192684,55.948046,84.0,36.039288260779394,0.9690869077284392,20.0
-3.193215,55.947917,83.4,13.37557869053474,0.9824624864189739,20.0
-3.193377,55.947838,81.0,16.864935005819575,0.9993274214247936,20.0
-3.193645,55.947816,81.0,26.52934885202292,1.0258567702768164,20.0
-3.19407,55.947833,80.0,9.680950783938478,1.0355377210607548,20.0
-3.194224,55.947821,78.0,2.8416497455360465,1.0383793708062907,20.0
-3.194266,55.947811,78.0,72.17767238739329,1.1105570431936842,20.0
-3.195321,55.947542,76.0,31.752836261245967,1.14230987945493,20.0
-3.195787,55.947426,83.0,40.16753168104048,1.1824774111359704,20.0
-3.196368,55.947269,80.0,50.04076702917358,1.232518178165144,20.0
-3.197075,55.947055,78.0,38.95292247492534,1.2714711006400694,20.0
-3.197622,55.946885,76.0,37.43832209209376,1.3089094227321632,20.0
-3.198129,55.946704,76.0,39.55846136909854,1.3484678841012616,20.0
-3.198677,55.946524,85.2,44.21459725140577,1.3926824813526675,20.0
-3.199381,55.946472,85.3,21.739607562070766,1.4144220889147383,20.0
-3.199719,55.946423,85.3,44.01165740050447,1.4584337463152426,20.0
-3.200386,55.946292,85.1,42.347596595874364,1.500781342911117,20.0
-3.201004,55.946133,82.0,53.59972155938908,1.554381064470506,20.0
-3.20173,55.945874,81.0,9.374091268743808,1.56375515573925,20.0
-3.20187,55.945843,81.0,15.847328363484479,1.5796024841027343,20.0
-3.202124,55.945834,81.0,33.867339365437346,1.6134698234681717,20.0
-3.202589,55.945676,80.0,49.67222402605989,1.6631420474942316,20.0
-3.203275,55.945448,80.0,50.34469443875697,1.7134867419329884,20.0
-3.203965,55.945212,79.0,22.120531612603596,1.735607273545592,20.0
-3.204261,55.945102,79.0,59.64206829897226,1.7952493418445643,20.0
-3.205055,55.944802,78.0,42.697429050318085,1.8379467708948822,20.0
-3.205617,55.944582,78.0,36.47351629291157,1.874420287187794,20.0
-3.206088,55.944387,78.0,30.108176969061304,1.9045284641568554,20.0
-3.206446,55.944205,78.0,49.76625673717974,1.9542947208940349,20.0
-3.207019,55.943893,76.0,17.784104754265606,1.9720788256483006,20.0
-3.207228,55.943784,76.0,16.450107949867107,1.9885289335981677,20.0
-3.207429,55.943688,76.0,32.44465834139238,2.02097359193956,20.0
-3.207855,55.94352,76.0,20.795096576163008,2.041768688515723,20.0
-3.208156,55.943439,75.8,28.002968098438348,2.069771656614161,20.0
-3.208583,55.94336,75.0,14.048573646791956,2.0838202302609528,20.0
-3.208797,55.94332,74.0,39.91569606931207,2.1237359263302653,20.0
-3.209403,55.943203,72.8,33.70256773850087,2.157438494068766,20.0
-3.2099,55.943083,72.0,68.85317121982821,2.2262916652885942,20.0
-3.210917,55.94284,71.0,133.16173896434793,2.359453404252942,20.0
-3.212869,55.942351,76.0,38.80109496007803,2.3982544992130204,20.0
-3.213429,55.942198,74.9,60.4823382991924,2.4587368375122125,20.0
-3.214245,55.941903,72.0,51.84449184825056,2.510581329360463,20.0
-3.214925,55.941634,74.0,61.82774197094113,2.572409071331404,20.0
-3.215728,55.941307,73.0,51.86036080788452,2.6242694321392888,20.0
-3.216394,55.941027,73.0,41.714598993589384,2.665984031132878,20.0
-3.21693,55.940802,77.0,35.10130855156599,2.701085339684444,20.0
-3.217388,55.940618,77.0,23.156125191574347,2.7242414648760187,20.0
-3.217707,55.940511,77.0,36.029941408510325,2.760271406284529,20.0
-3.218217,55.940358,77.0,7.557623565913492,2.7678290298504424,20.0
-3.218325,55.940327,77.0,71.82166433270969,2.839650694183152,20.0
-3.219366,55.940049,73.0,13.619008241955198,2.8532697024251075,20.0
-3.219564,55.939997,81.0,39.044154707959336,2.892313857133067,20.0
-3.220135,55.939852,78.9,8.204944014867857,2.900518801147935,20.0
-3.220264,55.939837,78.0,8.611438904462894,2.9091302400523977,20.0
-3.2204,55.939823,78.0,22.11056842182477,2.9312408084742225,20.0
-3.220755,55.93982,78.0,40.025976738728616,2.971266785212951,20.0
-3.221397,55.939837,74.8,21.001502671226906,2.992268287884178,20.0
-3.221734,55.93983,71.0,26.551573890475737,3.0188198617746536,20.0
-3.222159,55.939811,71.0,12.796688007651067,3.0316165497823047,20.0
-3.222351,55.93977,71.0,13.73774162568435,3.045354291407989,20.0
-3.222516,55.939688,68.0,87.54819679482544,3.1329024882028143,20.0
-3.223407,55.939079,65.0,56.050962650217734,3.188953450853032,20.0
-3.224306,55.939055,62.8,55.424719038474656,3.2443781698915064,20.0
-3.225192,55.939102,61.0,49.78875176823711,3.2941669216597433,20.0
-3.225983,55.939167,57.1,18.012613150188518,3.312179534809932,20.0
-3.226265,55.939203,56.0,19.46451223071814,3.3316440470406503,20.0
-3.226553,55.939135,58.4,72.29724573415803,3.403941292774808,20.0
-3.227668,55.938954,58.0,55.09876508534482,3.459040057860153,20.0
-3.228514,55.938809,56.0,20.0341280555659,3.4790741859157186,20.0
-3.228822,55.938757,56.0,34.818762578763476,3.5138929484944823,20.0
-3.229353,55.938659,55.0,39.03157392934336,3.5529245224238255,20.0
-3.229933,55.938526,55.0,13.876082156455277,3.5668006045802807,20.0
-3.230133,55.938471,54.0,70.75200640220996,3.6375526109824907,20.0
-3.231091,55.938129,56.0,31.39096588546827,3.6689435768679592,20.0
-3.231518,55.937979,55.7,61.08166731801983,3.730025244185979,20.0
-3.232444,55.937798,55.0,7.781272257686162,3.7378065164436647,20.0
-3.232562,55.937775,54.0,40.39427826096815,3.778200794704633,20.0
-3.233169,55.937647,54.0,28.97017718707435,3.8071709718917077,20.0
-3.2336,55.937549,53.0,41.29650410296939,3.848467475994677,20.0
-3.234205,55.937397,52.0,68.51369324538196,3.916981169240059,20.0
-3.235227,55.937169,51.0,108.50707675545371,4.025488245995513,20.0
-3.236886,55.936871,49.0,35.200794721348856,4.060689040716862,20.0
-3.237438,55.936803,49.0,32.68553414467947,4.093374574861541,20.0
-3.237951,55.936741,48.0,77.16447720450282,4.170539052066044,20.0
-3.239163,55.936597,49.0,40.09811150802244,4.2106371635740665,20.0
-3.23978,55.936494,49.0,49.67991416315163,4.260317077737218,20.0
-3.240532,55.936345,49.0,41.18893988772625,4.301506017624944,20.0
-3.24111,55.936165,49.0,14.144609649829327,4.315650627274774,20.0
-3.241288,55.936086,49.0,14.687958263676192,4.33033858553845,20.0
-3.241467,55.936,49.0,62.81853615642844,4.393157121694879,20.0
-3.242159,55.935589,48.0,8.046411396364178,4.401203533091243,20.0
-3.242245,55.935535,48.0,93.24559327030926,4.494449126361553,20.0
-3.243255,55.934916,48.0,14.891260867275907,4.509340387228829,20.0
-3.243412,55.934815,49.0,27.38917236945508,4.536729559598284,20.0
-3.243694,55.934626,49.0,37.661632187513,4.5743911917857965,20.0
-3.244094,55.934372,49.0,14.854049550929846,4.589245241336727,20.0
-3.244248,55.93427,50.0,22.10752868070482,4.611352770017431,20.0
-3.244483,55.934121,50.0,14.558546618503744,4.625911316635935,20.0
-3.244638,55.934023,50.0,37.16854846036014,4.663079865096295,20.0
-3.245028,55.93377,49.0,39.02143725985208,4.702101302356147,20.0
-3.245464,55.933518,49.0,45.11388509343756,4.7472151874495845,20.0
-3.245983,55.933235,50.0,36.19803474695058,4.783413222196535,20.0
-3.246451,55.933042,50.0,112.97874605133003,4.896391968247865,20.0
-3.248037,55.932549,50.0,57.18080355275902,4.953572771800625,20.0
-3.248847,55.932307,53.0,18.37406997791882,4.971946841778544,20.0
-3.249108,55.93223,53.0,11.794741859219869,4.983741583637764,20.0
-3.249275,55.93218,53.0,26.742996758562498,5.0104845803963265,20.0
-3.249654,55.932067,53.0,22.55405969006487,5.0330386400863905,20.0
-3.249972,55.93197,53.0,55.10571495470603,5.088144355041097,20.0
-3.250747,55.931731,52.0,50.86898268043796,5.139013337721535,20.0
-3.251464,55.931512,53.0,75.91906786120528,5.214932405582739,20.0
-3.252525,55.931176,53.0,64.83285924095259,5.279765264823692,20.0
-3.253432,55.93089,53.0,9.673508655212965,5.289438773478905,20.0
-3.253567,55.930847,53.0,60.37692319872177,5.349815696677626,20.0
-3.254412,55.930581,55.0,25.05336426918747,5.374869060946813,20.0
-3.254764,55.930472,55.0,31.73802330798499,5.406607084254798,20.0
-3.25521,55.930334,54.0,16.144839294226156,5.422751923549025,20.0
-3.255439,55.930266,54.0,37.608003660412216,5.460359927209437,20.0
-3.255968,55.930103,53.0,11.202587054336814,5.471562514263773,20.0
-3.256128,55.930057,53.0,17.885467298500576,5.489447981562274,20.0
-3.256382,55.929982,55.0,20.8760165312757,5.510323998093551,20.0
-3.25669,55.929908,54.5,30.951686916937206,5.541275685010488,20.0
-3.257168,55.929832,54.0,47.78783129011864,5.589063516300606,20.0
-3.25792,55.929747,54.2,71.24512211177235,5.660308638412379,20.0
-3.259058,55.929683,55.0,51.05031532398093,5.71135895373636,20.0
-3.259876,55.929655,56.0,90.15799544351619,5.801516949179876,20.0
-3.261321,55.929609,57.0,17.87085934575606,5.819387808525632,20.0
-3.261601,55.929574,57.0,51.95894716322344,5.8713467556888554,20.0
-3.262427,55.929509,57.0,27.449580240935642,5.898796335929791,20.0
-3.262842,55.929426,57.8,22.8805549593801,5.921676890889171,20.0
-3.263164,55.929327,58.0,17.938932978873975,5.939615823868045,20.0
-3.263403,55.929237,58.2,73.47572248634232,6.013091546354387,20.0
-3.264328,55.928827,61.0,85.50567519308788,6.098597221547475,20.0
-3.265413,55.928356,62.1,52.4130974340554,6.15101031898153,20.0
-3.266059,55.928054,62.5,28.513663088777502,6.179523982070307,20.0
-3.266385,55.927874,62.9,99.18930799305923,6.278713290063367,20.0
-3.267428,55.9272,64.2,42.58919146402758,6.321302481527395,20.0
-3.267925,55.926937,64.9,36.469032472167086,6.357771513999562,20.0
-3.268412,55.926755,65.2,22.477893862810124,6.380249407862372,20.0
-3.268741,55.926672,65.3,47.80953156289268,6.428058939425265,20.0
-3.269466,55.926531,65.3,22.06723153340581,6.45012617095867,20.0
-3.269773,55.926432,66.0,6.452012513602351,6.456578183472273,20.0
-3.269806,55.926377,66.0,12.615943678683543,6.469194127150957,20.0
-3.269922,55.926284,66.6,6.111105049966715,6.475305232200923,20.0
-3.270003,55.926253,66.6,13.17989490949615,6.48848512711042,20.0
-3.270209,55.926226,67.0,22.634542251399658,6.511119669361819,20.0
-3.27057,55.926249,67.0,16.1814845042289,6.527301153866048,20.0
-3.270829,55.926238,66.6,15.971913417555646,6.543273067283605,20.0
-3.27107,55.926189,66.5,115.94337721151825,6.659216444495122,20.0
-3.272748,55.925738,66.5,372.6927970735978,7.03190924156872,20.0
-3.278236,55.924404,69.0,78.18688950391105,7.1100961310726305,20.0
-3.279413,55.92416,69.4,61.49927249622336,7.171595403568854,20.0
-3.28035,55.923986,69.7,19.34531546944099,7.190940719038294,20.0
-3.280583,55.923871,70.0,9.205878301851714,7.200146597340146,20.0
-3.280659,55.9238,70.0,13.160866488982087,7.213307463829128,20.0
-3.280806,55.923715,70.0,9.164624255550958,7.222472088084679,20.0
-3.28094,55.923681,70.0,9.724858887727825,7.232196946972407,20.0
-3.281096,55.923678,70.0,24.310148140491954,7.256507095112899,20.0
-3.281475,55.92373,70.0,14.579109008837916,7.271086204121737,20.0
-3.281709,55.923729,70.3,14.702998103582761,7.28578920222532,20.0
-3.281942,55.923708,70.4,147.98459775691634,7.433773799982236,20.0
-3.284208,55.923309,70.8,234.91175295101746,7.668685552933254,20.0
-3.287888,55.922849,71.0,43.896232598139896,7.712581785531395,20.0
-3.288574,55.922759,72.0,47.03515895690719,7.759616944488302,20.0
-3.289301,55.922645,73.5,89.38304334338947,7.848999987831691,20.0
-3.290651,55.922373,73.7,11.306753753711227,7.860306741585402,20.0
-3.290808,55.922322,73.6,8.80867976497012,7.869115421350372,20.0
-3.290908,55.922266,75.0,10.740732704124355,7.879856154054497,20.0
-3.290975,55.922177,75.0,8.989441631922958,7.88884559568642,20.0
-3.291044,55.922106,75.0,10.476545914826692,7.899322141601247,20.0
-3.291164,55.92204,75.0,10.129241871568631,7.909451383472815,20.0
-3.291323,55.922021,75.0,7.455017908109083,7.916906401380924,20.0
-3.291442,55.922028,75.0,13.642499437697694,7.930548900818621,20.0
-3.291649,55.922068,75.0,18.61469628200528,7.949163597100626,20.0
-3.291947,55.92208,74.3,14.731590786834683,7.963895187887461,20.0
-3.292181,55.922061,74.4,201.89645044698221,8.165791638334444,20.0
-3.295235,55.921454,75.9,116.66385984035477,8.282455498174798,20.0
-3.297007,55.921115,76.8,33.99186830197129,8.31644736647677,20.0
-3.29753,55.921028,76.8,97.81829190554262,8.414265658382314,20.0
-3.299055,55.920819,75.5,38.69200611084652,8.45295766449316,20.0
-3.299667,55.92076,75.4,56.79952036675562,8.509757184859916,20.0
-3.300558,55.920652,75.2,30.24810480736198,8.54000528966728,20.0
-3.301022,55.920572,75.2,21.354311215351238,8.56135960088263,20.0
-3.301339,55.920499,75.0,21.60539031029802,8.582964991192927,20.0
-3.301655,55.920419,75.0,19.206249143369387,8.602171240336299,20.0
-3.301917,55.920328,76.0,28.93468562081157,8.63110592595711,20.0
-3.302314,55.920193,76.0,33.80525737656527,8.664911183333675,20.0
-3.302765,55.920024,76.1,18.841008092086323,8.68375219142576,20.0
-3.302998,55.919916,76.1,15.238051369936382,8.698990242795698,20.0
-3.303153,55.91981,76.1,19.170886264721318,8.71816112906042,20.0
-3.303284,55.919654,76.0,9.35719272275015,8.727518321783169,20.0
-3.303293,55.91957,76.0,15.667103341365966,8.743185425124535,20.0
-3.303376,55.919437,76.7,15.169381947425546,8.75835480707196,20.0
-3.303515,55.919325,77.0,23.04544725305183,8.781400254325012,20.0
-3.303781,55.919181,75.8,13.847161981641618,8.795247416306653,20.0
-3.303966,55.919112,75.0,17.307686087780084,8.812555102394434,20.0
-3.30422,55.919049,75.0,13.72133858993973,8.826276440984373,20.0
-3.304437,55.919028,75.0,12.7442879971247,8.839020728981497,20.0
-3.30464,55.919042,75.0,12.738139517191764,8.85175886849869,20.0
-3.304828,55.919087,76.1,11.946586149841316,8.86370545464853,20.0
-3.304982,55.919151,76.3,16.416635968175203,8.880122090616705,20.0
-3.305125,55.919275,76.3,10.607236099649317,8.890729326716356,20.0
-3.30517,55.919367,77.0,12.124250398605724,8.90285357711496,20.0
-3.305175,55.919476,77.0,25.265466933084266,8.928119044048044,20.0
-3.305243,55.9197,77.2,18.74440655411551,8.946863450602159,20.0
-3.305357,55.919856,77.3,93.76640879552136,9.040629859397681,20.0
-3.306217,55.920548,78.0,129.05649443564835,9.16968635383333,20.0
-3.307412,55.921496,74.7,44.80240207136164,9.214488755904691,20.0
-3.307867,55.921808,69.0,88.28348019726303,9.302772236101953,20.0
-3.308972,55.922305,65.3,26.82196545737983,9.329594201559333,20.0
-3.30932,55.922447,65.0,47.640984329441295,9.377235185888773,20.0
-3.309974,55.922669,62.0,54.27948978159737,9.431514675670371,20.0
-3.310763,55.922876,60.8,23.618993052551318,9.45513366872292,20.0
-3.311117,55.922952,60.5,20.583129606790962,9.475716798329714,20.0
-3.311433,55.923006,60.2,43.000715257812075,9.518717513587525,20.0
-3.312109,55.923084,59.7,37.64482430282702,9.556362337890352,20.0
-3.312711,55.923113,59.1,45.11235513477657,9.60147469302513,20.0
-3.313435,55.923107,58.9,44.517411643284056,9.645992104668414,20.0
-3.314143,55.923053,58.6,22.471162806877167,9.668463267475293,20.0
-3.314492,55.923002,58.6,26.30377220248528,9.694767039677778,20.0
-3.314893,55.922928,58.7,46.61292770503803,9.741379967382816,20.0
-3.31558,55.922762,58.9,56.20477822359234,9.79758474560641,20.0
-3.316362,55.92251,59.3,53.109937205366535,9.850694682811776,20.0
-3.31707,55.922244,59.1,218.7836367667603,10.069478319578536,30.0
-3.319861,55.92105,62.0,64.3114492598376,10.133789768838374,30.0
-3.32068,55.920698,65.5,106.20810560201039,10.239997874440386,30.0
-3.322104,55.920173,65.0,76.81128225822597,10.31680915669861,30.0
-3.323187,55.919843,68.7,83.95590548657816,10.40076506218519,30.0
-3.324414,55.919531,67.2,95.1570947646667,10.495922156949856,30.0
-3.325854,55.919246,67.1,80.00002415066153,10.57592218110052,30.0
-3.327098,55.919068,68.0,85.5731639330442,10.661495345033563,30.0
-3.328451,55.918936,68.0,70.842084048266,10.73233742908183,30.0
-3.329582,55.918871,67.7,82.95123966477725,10.815288668746607,30.0
-3.330913,55.918856,67.2,74.65460577710688,10.889943274523713,30.0
-3.33211,55.918885,67.6,80.43577518100074,10.970379049704714,30.0
-3.333389,55.918983,67.4,56.2690880648136,11.026648137769527,30.0
-3.334276,55.919078,66.8,120.2376282508458,11.146885766020374,30.0
-3.336134,55.91937,64.5,65.25886944775053,11.212144635468125,30.0
-3.337112,55.91958,64.6,58.60820206913155,11.270752837537257,30.0
-3.33797,55.919796,65.6,56.468527051509156,11.327221364588766,30.0
-3.338778,55.920026,67.6,84.58058349999145,11.411801948088758,30.0
-3.339937,55.920422,69.1,48.95196527863978,11.460753913367398,30.0
-3.340571,55.920682,69.9,86.48631494042486,11.547240228307823,30.0
-3.341659,55.921165,71.2,68.21421646764988,11.615454444775473,30.0
-3.342462,55.921582,71.0,75.02656988259733,11.690481014658069,30.0
-3.343301,55.922066,70.3,164.6300023713713,11.855111017029442,30.0
-3.344974,55.923212,66.4,126.09491461259222,11.981205931642034,30.0
-3.346172,55.924126,63.1,226.0646978425812,12.207270629484615,40.0
-3.348277,55.925782,62.5,108.72812014429488,12.31599874962891,40.0
-3.34932,55.926566,61.5,80.14716453376099,12.396145914162672,40.0
-3.350164,55.92711,58.6,77.7577333245259,12.473903647487198,40.0
-3.351051,55.927602,57.4,68.54670970884123,12.542450357196037,40.0
-3.351879,55.928008,58.5,42.42942701556058,12.584879784211598,40.0
-3.352417,55.928242,58.8,58.59183408733923,12.643471618298937,40.0
-3.353189,55.928543,60.7,45.09628073122602,12.688567899030163,40.0
-3.353796,55.928764,60.8,69.7898034115706,12.758357702441735,40.0
-3.354782,55.929062,61.7,62.85665643236296,12.821214358874098,40.0
-3.355687,55.929312,61.1,58.412927448389674,12.879627286322487,40.0
-3.356557,55.929508,61.2,55.85783021444221,12.93548511653693,40.0
-3.357407,55.929668,60.4,69.01682699024461,13.004501943527174,50.0
-3.35847,55.929843,60.1,67.15745383654541,13.07165939736372,50.0
-3.359524,55.92997,58.9,117.35188087908814,13.189011278242807,50.0
-3.361388,55.930123,58.9,165.39202541639477,13.354403303659202,50.0
-3.364032,55.930259,54.0,275.53363424955046,13.629936937908752,50.0
-3.368444,55.930436,55.7,105.52729265518101,13.735464230563933,50.0
-3.370138,55.930446,54.9,71.07550792978667,13.80653973849372,50.0
-3.371277,55.930408,54.6,89.94780006618493,13.896487538559906,50.0
-3.372709,55.930304,54.6,180.75912704641593,14.077246665606323,70.0
-3.375572,55.930039,60.5,93.21850576594659,14.17046517137227,70.0
-3.377044,55.929888,62.2,94.81231988300866,14.265277491255278,70.0
-3.378529,55.929701,64.5,70.42329343095723,14.335700784686235,70.0
-3.37962,55.929535,66.4,62.090258872815646,14.39779104355905,70.0
-3.38057,55.929366,68.0,61.2170191421506,14.4590080627012,70.0
-3.381493,55.929177,71.8,64.22375613600761,14.523231818837207,70.0
-3.382447,55.928958,73.3,72.96379624979916,14.596195615087007,70.0
-3.383485,55.928654,74.4,27.397115908480114,14.623592730995487,70.0
-3.383864,55.928529,74.5,61.003866389856356,14.684596597385342,70.0
-3.384678,55.928224,75.0,121.08502423835071,14.805681621623693,70.0
-3.386314,55.927636,78.0,27.129690690856133,14.832811312314549,70.0
-3.386688,55.927511,85.0,47.211101662320964,14.880022413976869,70.0
-3.387334,55.927289,83.2,60.932679830798975,14.940955093807668,70.0
-3.388195,55.927029,84.2,87.50117144949516,15.028456265257164,70.0
-3.389475,55.926705,86.0,83.61847647603969,15.112074741733204,70.0
-3.390739,55.926452,87.5,63.739204168108536,15.175813945901313,70.0
-3.391726,55.926301,89.5,45.55645347138273,15.221370399372695,70.0
-3.392439,55.92621,91.1,77.31590267645718,15.298686302049152,70.0
-3.393665,55.926102,92.7,72.5941364288369,15.37128043847799,70.0
-3.394825,55.92604,92.7,140.15711023191477,15.511437548709905,70.0
-3.397074,55.926007,92.6,256.858329500909,15.768295878210813,70.0
-3.401197,55.925998,84.0,40.683305587307295,15.808979183798119,70.0
-3.40185,55.925994,83.0,109.56182452854578,15.918541008326665,70.0
-3.403608,55.925967,81.0,190.56236995380263,16.10910337828047,70.0
-3.406661,55.925861,78.0,81.13846402466542,16.190241842305134,70.0
-3.407959,55.925801,75.0,112.98589944665035,16.303227741751783,70.0
-3.409765,55.925708,75.0,291.52540083475856,16.59475314258654,70.0
-3.414407,55.925377,69.0,37.1844311454277,16.631937573731967,70.0
-3.415,55.925339,69.0,251.00680620273852,16.882944379934706,70.0
-3.419002,55.925078,68.0,72.6057164028491,16.955550096337557,70.0
-3.420164,55.925028,68.0,153.7491931871119,17.109299289524667,70.0
-3.422631,55.924991,71.0,72.4669393057138,17.18176622883038,70.0
-3.423792,55.925031,66.9,96.24921027673555,17.278015439107115,70.0
-3.425327,55.925129,64.5,85.9565179876992,17.363971957094815,70.0
-3.42669,55.925249,63.0,41.8396479685204,17.405811605063334,70.0
-3.427347,55.925327,59.0,91.29080791311641,17.497102412976453,70.0
-3.428773,55.925516,54.0,68.21701889226901,17.56531943186872,70.0
-3.429832,55.925672,54.0,283.58250963436416,17.848901941503087,70.0
-3.434186,55.926416,57.0,78.06493094786283,17.926966872450947,70.0
-3.4354,55.92659,58.7,134.1899733209655,18.06115684577191,70.0
-3.437511,55.92683,58.7,163.03511706920082,18.22419196284111,70.0
-3.44012,55.926945,62.0,171.51047140834729,18.395702434249458,70.0
-3.442873,55.926931,61.5,141.6371509186982,18.537339585168155,70.0
-3.445133,55.926792,62.8,128.18130449539228,18.665520889663547,70.0
-3.447167,55.926618,64.7,92.5071300161571,18.758028019679706,70.0
-3.448601,55.926402,65.0,173.03099610597855,18.931059015785685,70.0
-3.451251,55.925936,67.0,182.17196139971895,19.113230977185406,70.0
-3.453913,55.925258,71.0,264.48659410603796,19.377717571291445,70.0
-3.457663,55.924143,78.0,20.329747109826656,19.39804731840127,70.0
-3.45795,55.924056,78.0,247.40838672857632,19.645455705129848,70.0
-3.461509,55.923069,82.5,234.90789817430868,19.880363603304154,70.0
-3.464986,55.922252,86.0,54.81925208740067,19.935182855391556,70.0
-3.465817,55.92209,87.0,90.1016644489032,20.025284519840458,70.0
-3.467183,55.921824,87.0,284.68206227009324,20.30996658211055,70.0
-3.471577,55.921122,92.0,157.36579253003248,20.467332374640584,70.0
-3.474058,55.920857,93.0,194.99875900778355,20.66233113364837,70.0
-3.477139,55.920549,100.0,163.40188193010354,20.825733015578468,70.0
-3.479748,55.9204,101.0,248.5293137128701,21.074262329291336,70.0
-3.483731,55.92028,106.0,454.1257466084367,21.528388075899773,70.0
-3.491019,55.920235,107.5,110.73915368495078,21.639127229584723,70.0
-3.492795,55.920197,108.8,109.4630364646471,21.74859026604937,70.0
-3.494546,55.920117,110.9,126.74166583103211,21.875331931880403,70.0
-3.496569,55.919998,113.3,129.70717652275874,22.00503910840316,70.0
-3.498629,55.91983,113.3,242.34655563518893,22.24738566403835,70.0
-3.502442,55.9194,119.0,178.21112799350746,22.425596792031858,70.0
-3.505186,55.918948,120.0,23.371215459617858,22.448968007491477,70.0
-3.505546,55.918889,120.0,33.63193640909722,22.48259994390057,70.0
-3.506064,55.918804,120.0,217.7046609855535,22.700304604886124,70.0
-3.509369,55.918169,123.0,266.31467381070604,22.966619278696832,70.0
-3.513339,55.917282,127.0,53.8215231629839,23.020440801859817,70.0
-3.514151,55.917117,127.3,121.33941999121636,23.141780221851032,70.0
-3.516011,55.916794,128.0,81.0006758344802,23.222780897685514,70.0
-3.517275,55.916624,130.5,67.13802361110957,23.28991892129662,70.0
-3.518332,55.916507,130.4,67.26494581290702,23.35718386710953,70.0
-3.519396,55.916405,131.5,98.73532794856101,23.45591919505809,70.0
-3.520971,55.916308,133.2,86.58445905274715,23.54250365411084,70.0
-3.522359,55.916272,136.3,101.51259665451357,23.64401625076535,70.0
-3.523988,55.916265,138.1,97.22255433309472,23.741238805098444,70.0
-3.525545,55.916321,139.0,97.06306292325331,23.8383018680217,70.0
-3.527093,55.916418,140.1,108.4236457351412,23.94672551375684,70.0
-3.528806,55.916589,141.7,237.93381902443846,24.184659332781276,70.0
-3.532513,55.917102,152.0,67.95330472457454,24.25261263750585,70.0
-3.533583,55.91722,157.0,90.72882298356247,24.343341460489412,70.0
-3.535025,55.917333,161.4,64.66910506203503,24.40801056555145,70.0
-3.536058,55.917389,163.8,64.39269635203884,24.472403261903487,70.0
-3.53709,55.917419,166.4,102.37921525792954,24.574782477161417,70.0
-3.538733,55.917417,168.4,68.13794254509166,24.64292041970651,70.0
-3.539825,55.917385,171.0,63.986895160443694,24.706907314866953,70.0
-3.540847,55.917329,177.2,93.16946295222931,24.80007677781918,70.0
-3.542326,55.917206,177.6,147.2712258220709,24.947348003641252,70.0
-3.544636,55.916926,177.0,90.87157735899929,25.038219581000252,70.0
-3.54603,55.916686,181.8,92.48338171274344,25.130702962712995,70.0
-3.547423,55.916399,183.5,37.44284243852542,25.16814580515152,70.0
-3.547967,55.916256,185.0,116.12158346798657,25.284267388619508,70.0
-3.549657,55.915816,184.2,44.361232042268156,25.328628620661778,70.0
-3.550282,55.915625,182.7,77.61059243165634,25.406239213093436,70.0
-3.551349,55.915265,182.5,156.2712214248256,25.56251043451826,70.0
-3.553412,55.914466,183.5,147.47646416684069,25.7099868986851,70.0
-3.555279,55.913651,186.0,138.33094379158376,25.848317842476686,70.0
-3.557062,55.91291,186.9,116.43553460161884,25.964753377078306,70.0
-3.558538,55.912268,185.9,622.2681532635403,26.587021530341843,70.0
-3.566377,55.908802,180.0,1722.9684955232601,28.309990025865105,70.0
-3.58819,55.899285,164.0,214.83899736671455,28.524829023231817,70.0
-3.590868,55.898069,158.0,146.63553579748094,28.6714645590293,70.0
-3.592634,55.897198,155.7,149.71500399719264,28.821179563026494,70.0
-3.594394,55.896282,153.0,266.92006525730847,29.088099628283803,70.0
-3.597404,55.894575,149.0,33.91979577982114,29.122019424063623,70.0
-3.597779,55.894354,149.0,129.77298345466778,29.251792407518288,70.0
-3.599274,55.893542,146.0,499.26129100146187,29.75105369851975,70.0
-3.604867,55.890329,151.0,393.6860940018485,30.144739792521598,70.0
-3.609298,55.887807,163.0,998.2478553927568,31.142987647914357,70.0
-3.620541,55.881417,160.0,157.5379303154337,31.30052557822979,70.0
-3.62241,55.880464,161.5,124.82366150853112,31.42534923973832,70.0
-3.624034,55.879808,161.2,122.39240996370503,31.547741649702026,70.0
-3.625686,55.879214,161.1,119.62886520062943,31.667370514902654,70.0
-3.627366,55.878695,161.0,42.94778765924681,31.7103183025619,70.0
-3.627986,55.878527,160.8,110.16772800414113,31.82048603056604,70.0
-3.629605,55.878131,159.8,106.51144715892116,31.926997477724964,70.0
-3.63121,55.877804,159.7,117.68744619884598,32.04468492392381,70.0
-3.633023,55.877511,157.6,92.23197705903297,32.13691690098284,70.0
-3.634466,55.87733,155.8,53.28231215883307,32.190199213141675,70.0
-3.635305,55.87724,155.6,335.5525504756408,32.525751763617315,70.0
-3.64064,55.876853,155.5,91.33885000753105,32.617090613624846,70.0
-3.64208,55.876704,157.0,79.80660993367427,32.69689722355852,70.0
-3.643323,55.876534,157.0,77.0303919951944,32.77392761555372,70.0
-3.644515,55.876353,160.0,79.50368255121145,32.85343129810493,70.0
-3.645723,55.876125,159.4,49.857296536013656,32.90328859464094,70.0
-3.646471,55.875967,159.3,94.38238531733637,32.99767097995828,70.0
-3.647868,55.875641,159.2,196.61883303748112,33.19428981299576,70.0
-3.650626,55.874785,156.0,41.457286123289144,33.23574709911905,70.0
-3.651188,55.874586,156.0,78.05172114671167,33.31379882026576,70.0
-3.65224,55.874206,156.0,48.07426028777032,33.36187308055353,70.0
-3.65287,55.873957,155.0,166.7418700674449,33.52861495062098,70.0
-3.655072,55.873107,156.0,189.00010982994618,33.717615060450925,70.0
-3.657652,55.872216,155.5,40.12013957394415,33.75773520002487,70.0
-3.658223,55.87205,155.8,83.41422746829473,33.841149427493164,70.0
-3.659434,55.871732,155.6,166.59436687306854,34.00774379436623,70.0
-3.661929,55.871198,160.0,77.05367502361545,34.08479746938984,70.0
-3.663111,55.870997,159.0,76.62763266936894,34.16142510205921,70.0
-3.664299,55.870822,158.7,87.55999279472051,34.24898509485393,70.0
-3.665669,55.870651,158.9,95.92158159934584,34.34490667645328,70.0
-3.667187,55.870514,159.3,110.39505222641147,34.455301728679686,70.0
-3.668946,55.870406,159.8,104.48029419084948,34.559782022870536,70.0
-3.67062,55.870379,159.8,912.8888825524674,35.47267090542301,70.0
-3.685252,55.870447,163.0,38.61862526038825,35.5112895306834,70.0
-3.685871,55.870445,163.0,551.7111919961352,36.063000722679526,70.0
-3.694714,55.870484,161.0,456.99239440593277,36.51999311708546,70.0
-3.702039,55.870499,167.0,230.0364004559803,36.75002951754144,70.0
-3.705725,55.870446,166.0,230.49563140685916,36.9805251489483,70.0
-3.709415,55.870343,165.0,165.41259198035326,37.14593774092866,70.0
-3.712058,55.870225,167.0,136.73155519708615,37.28266929612575,70.0
-3.714241,55.870116,167.0,171.89058923558025,37.454559885361334,70.0
-3.716981,55.869954,169.0,240.30852325851765,37.69486840861985,70.0
-3.720796,55.869656,165.0,160.40159219284521,37.855270000812695,70.0
-3.723338,55.86944,169.0,268.32957737905866,38.12359957819175,70.0
-3.727571,55.869013,167.0,197.68505916541224,38.32128463735717,70.0
-3.730669,55.86864,165.0,201.7040913238882,38.52298872868106,70.0
-3.733817,55.868227,167.0,156.02666500150661,38.67901539368256,70.0
-3.736241,55.867882,168.0,107.7430963760148,38.786758490058574,70.0
-3.737907,55.867627,169.0,144.20750726929012,38.93096599732786,70.0
-3.740129,55.86727,170.0,145.46682662882637,39.07643282395669,70.0
-3.742355,55.866881,171.0,217.53050579167888,39.293963329748365,70.0
-3.745667,55.86627,171.7,241.11276923325156,39.53507609898162,70.0
-3.749307,55.865542,174.0,169.15258602142495,39.704228685003045,70.0
-3.751838,55.864997,175.0,198.15798324176185,39.90238666824481,70.0
-3.754772,55.864315,180.5,148.1048949163156,40.050491563161124,70.0
-3.756948,55.863783,180.5,703.8728153667015,40.754364378527825,70.0
-3.767205,55.861149,192.0,187.8803950680463,40.94224477359587,70.0
-3.769972,55.860483,194.0,169.2689297737597,41.11151370336963,70.0
-3.77249,55.859917,201.0,168.74789814018294,41.28026160150981,70.0
-3.775013,55.859371,203.0,168.8862818480423,41.44914788335785,70.0
-3.777557,55.858853,211.0,166.96195245976946,41.616109835817625,70.0
-3.780092,55.858373,219.0,243.52482297605727,41.85963465879368,70.0
-3.783815,55.857717,220.0,321.10821584138176,42.180742874635065,70.0
-3.78877,55.856939,229.0,35.982791287410386,42.216725665922475,70.0
-3.78933,55.856862,229.0,355.8779153031645,42.572603581225636,70.0
-3.794879,55.856125,233.0,300.4964961184811,42.87310007734412,70.0
-3.799611,55.855626,237.0,316.69704633598275,43.1897971236801,70.0
-3.804621,55.855174,242.0,149.36050861215534,43.339157632292256,70.0
-3.806996,55.855009,242.8,134.1764024004781,43.47333403469273,70.0
-3.809142,55.854937,242.8,379.4277438061926,43.85276177849893,70.0
-3.815215,55.855093,250.0,357.7208558607219,44.21048263435965,70.0
-3.820938,55.855269,251.5,134.18333875633414,44.34466597311598,70.0
-3.823087,55.855233,250.8,118.36389949503949,44.46302987261102,70.0
-3.82496,55.855066,255.9,100.57795422765545,44.56360782683868,70.0
-3.826519,55.854837,255.9,162.08438516131736,44.72569221199999,70.0
-3.828924,55.854287,258.5,118.21502788042878,44.84390723988042,70.0
-3.830572,55.853763,259.8,128.05862922998506,44.971965869110406,70.0
-3.832293,55.853136,259.8,311.51381873576383,45.283479687846174,70.0
-3.836546,55.85167,256.0,155.45596669325712,45.43893565453943,70.0
-3.838707,55.850975,256.0,155.79002788883764,45.59472568242827,70.0
-3.840898,55.850304,253.0,282.5306758783283,45.877256358306596,70.0
-3.844899,55.849116,251.0,68.24675345317794,45.94550311175977,70.0
-3.845886,55.848852,251.1,141.35468696041525,46.08685779872019,70.0
-3.847974,55.84836,249.8,100.74671842248222,46.18760451714267,70.0
-3.849495,55.848057,248.2,77.48489279564517,46.26508940993831,70.0
-3.850678,55.847846,247.7,63.10656143069678,46.328195971369006,70.0
-3.851652,55.847694,247.0,89.29995419129416,46.4174959255603,70.0
-3.853037,55.847493,244.7,89.42571249517324,46.50692163805548,70.0
-3.854436,55.84732,244.4,77.6332588234775,46.584554896878956,70.0
-3.855654,55.847179,244.6,134.4937481344267,46.71904864501338,70.0
-3.857777,55.846973,243.8,1658.0091973995823,48.37705784241297,70.0
-3.884113,55.845044,220.0,129.9216497784097,48.50697949219137,70.0
-3.886169,55.844863,220.1,181.82079206416364,48.688800284255535,70.0
-3.889031,55.84456,214.2,186.8428943115019,48.87564317856704,70.0
-3.891952,55.844194,206.2,198.09879439733822,49.07374197296437,70.0
-3.895025,55.84375,200.0,11.871159975971272,49.085613132940345,70.0
-3.895208,55.843721,200.0,150.27808054082817,49.23589121348117,70.0
-3.897518,55.843341,199.8,147.02146724211948,49.38291268072329,70.0
-3.899758,55.842933,200.0,155.30297991793338,49.53821566064123,70.0
-3.902103,55.842467,197.3,112.60061223586699,49.650816272877094,70.0
-3.903786,55.842103,196.0,169.43005113068895,49.820246324007776,70.0
-3.906294,55.841521,188.4,158.1579272410066,49.97840425124879,70.0
-3.908603,55.840936,185.0,419.5565314889217,50.39796078273771,70.0
-3.914692,55.83934,183.0,8.350956489439406,50.40631173922715,70.0
-3.914813,55.839308,183.0,304.7186050680979,50.71103034429525,70.0
-3.919232,55.838145,196.0,302.0398325171756,51.01307017681243,70.0
-3.923611,55.836991,182.0,388.0984205516822,51.401168597364105,70.0
-3.929239,55.83551,176.0,43.36082560286969,51.44452942296697,70.0
-3.929869,55.835346,176.0,74.95753831496019,51.519486961281935,70.0
-3.930956,55.83506,173.0,43.238414831297234,51.56272537611323,70.0
-3.931583,55.834895,175.0,351.0787573950564,51.913804133508286,70.0
-3.936672,55.833553,169.3,34.918860736923314,51.94872299424521,70.0
-3.937188,55.833432,168.9,68.42823290118133,52.01715122714639,70.0
-3.938218,55.833222,168.5,81.42677505307469,52.098578002199474,70.0
-3.939465,55.833008,166.0,82.93548165139693,52.181513483850864,70.0
-3.940756,55.832833,163.2,72.06279593566548,52.25357627978653,70.0
-3.941891,55.832716,161.9,109.74380854621968,52.36332008833275,70.0
-3.943637,55.832604,157.0,107.03951460362873,52.470359602936384,70.0
-3.945349,55.832557,152.4,135.5630859605568,52.60592268889694,70.0
-3.947519,55.832524,150.2,164.92676489563692,52.77084945379258,70.0
-3.95016,55.832524,145.4,91.9039197955563,52.862753373588134,70.0
-3.951631,55.832549,142.7,89.42606632467226,52.95217943991281,70.0
-3.95306,55.832601,141.3,100.04220291958825,53.0522216428324,70.0
-3.954655,55.832685,139.1,122.40345364173898,53.17462509647414,70.0
-3.956598,55.83283,136.6,90.1224897892009,53.26474758626335,70.0
-3.958021,55.832965,134.0,79.72397396172026,53.34447156022507,70.0
-3.959272,55.833108,131.4,84.38782523928235,53.42885938546435,70.0
-3.960589,55.833278,129.5,178.41303341065583,53.607272418875006,70.0
-3.963343,55.833705,126.0,31.924493183844756,53.63919691205886,70.0
-3.963835,55.833783,126.0,145.1174802794145,53.78431439233827,70.0
-3.966063,55.834154,124.0,97.0788130475208,53.881393205385784,70.0
-3.967575,55.834357,119.3,244.59512449917577,54.12598832988496,70.0
-3.971368,55.834906,112.0,355.7810697277774,54.48176939961274,70.0
-3.976891,55.835692,106.0,102.47040564895401,54.58423980526169,70.0
-3.978488,55.835904,105.0,329.9870689441392,54.91422687420583,70.0
-3.983608,55.836639,100.5,103.04052695094815,55.01726740115678,70.0
-3.985214,55.836852,99.2,65.24584049935447,55.08251324165613,70.0
-3.986239,55.836966,98.0,122.77653422837601,55.20528977588451,70.0
-3.988175,55.837159,95.3,124.4944232342159,55.32978419911872,70.0
-3.990152,55.837304,90.8,121.11694258834734,55.45090114170707,70.0
-3.992084,55.837401,86.6,141.7318911365956,55.592633032843665,70.0
-3.994351,55.837465,86.6,169.0201808063623,55.761653213650035,70.0
-3.997057,55.837426,86.0,157.45695414627124,55.919110167796305,70.0
-3.999577,55.837374,92.0,268.10718354882897,56.187217351345126,70.0
-4.003865,55.837249,93.0,48.424491855460765,56.23564184320059,70.0
-4.00464,55.837233,95.0,273.11536314631957,56.50875720634691,70.0
-4.009009,55.837116,90.0,287.30886987863033,56.796066076225536,70.0
-4.01361,55.837144,88.0,216.90179996135723,57.01296787618689,70.0
-4.017075,55.837282,77.5,111.93824372043062,57.12490611990732,70.0
-4.018861,55.837369,75.0,78.03665714497446,57.2029427770523,70.0
-4.020102,55.837452,70.0,267.73164244734727,57.47067441949965,70.0
-4.024332,55.837846,74.8,102.77272706571675,57.57344714656537,70.0
-4.025945,55.83803,74.8,284.9427630867,57.85838990965207,70.0
-4.030395,55.838598,69.0,195.30455274973022,58.0536944624018,70.0
-4.033442,55.838995,63.0,178.92913119043664,58.23262359359224,70.0
-4.036215,55.839401,63.0,136.07580904842442,58.36869940264066,70.0
-4.038306,55.839746,62.7,93.30550450267395,58.46200490714333,70.0
-4.039707,55.840038,61.9,118.86742987431892,58.58087233701765,70.0
-4.04146,55.840455,61.9,270.1750209316481,58.8510473579493,70.0
-4.045302,55.841573,61.0,244.49287443799062,59.09554023238729,70.0
-4.048731,55.842635,62.0,332.6715893281121,59.42821182171541,70.0
-4.053505,55.843964,51.0,137.17478360911196,59.56538660532451,70.0
-4.0555,55.844481,51.0,274.61695340361246,59.84000355872812,70.0
-4.05957,55.845418,40.5,146.48562607380583,59.98648918480193,70.0
-4.061783,55.845856,40.8,98.39183018725575,60.084881014989186,70.0
-4.063303,55.84609,41.3,113.06607834320252,60.19794709333239,70.0
-4.065074,55.846303,42.1,102.60817985176857,60.30055527318416,70.0
-4.066703,55.846426,43.0,93.54442330556975,60.394099696489725,70.0
-4.068197,55.846491,44.0,148.33989268639584,60.542439589176126,70.0
-4.070571,55.846549,49.6,87.49824525824712,60.62993783443437,70.0
-4.071965,55.846631,56.4,103.23014665055456,60.733167981084925,70.0
-4.073589,55.846806,58.6,42.97981322930226,60.77614779431423,70.0
-4.074255,55.846904,58.9,63.713306954678536,60.8398611012689,70.0
-4.075228,55.847077,59.0,96.58629662208376,60.93644739789098,70.0
-4.076665,55.847399,55.0,75.7307627684958,61.012178160659474,70.0
-4.077761,55.847691,51.5,64.3945025006526,61.07657266316013,70.0
-4.078662,55.847973,51.7,53.38793439988486,61.129960597560014,70.0
-4.079381,55.848233,51.3,93.65430648085007,61.223614904040865,70.0
-4.080575,55.848743,52.0,61.718338540237305,61.2853332425811,70.0
-4.081312,55.849113,53.6,245.4476869017397,61.53078092948284,70.0
-4.084067,55.850688,60.3,92.6999863156892,61.62348091579853,70.0
-4.085172,55.851245,64.0,33.809200986939054,61.65729011678547,70.0
-4.085592,55.851437,65.6,65.78353219708647,61.72307364898255,70.0
-4.086443,55.851786,66.3,101.30198365804516,61.824375632640596,70.0
-4.087795,55.85229,69.0,207.2143576631671,62.03158999030376,70.0
-4.090611,55.853277,66.7,80.05058744800199,62.11164057775176,70.0
-4.091664,55.853688,66.0,75.72681315127721,62.187367390903034,70.0
-4.092626,55.854103,66.4,103.00930563402393,62.29037669653706,70.0
-4.093885,55.854702,68.7,69.71985978906228,62.36009655632612,70.0
-4.094698,55.855132,70.0,104.13716101261488,62.464233717338736,70.0
-4.095862,55.855803,71.8,100.67151202890767,62.564905229367646,70.0
-4.096933,55.85648,75.0,213.49426616438313,62.77839949553202,70.0
-4.098976,55.85802,77.0,88.62019630286485,62.86701969183489,70.0
-4.099815,55.858663,75.3,89.7203559436699,62.95674004777855,70.0
-4.100754,55.859274,73.0,42.247926709887395,62.99898797448844,70.0
-4.101223,55.859548,73.0,80.65600325623333,63.07964397774468,70.0
-4.102192,55.860028,73.0,90.83996177503357,63.17048393951971,70.0
-4.103401,55.860483,74.0,82.12780862283853,63.252611748142556,70.0
-4.104539,55.860854,75.0,88.24439953749368,63.34085614768004,70.0
-4.10584,55.861165,74.0,73.55842428048919,63.414414571960535,70.0
-4.106956,55.861378,73.7,128.68890447611895,63.543103476436656,70.0
-4.108952,55.861669,73.7,218.18187845520586,63.76128535489187,70.0
-4.112372,55.862077,73.0,237.3805395947424,63.99866589448661,70.0
-4.116062,55.862596,75.0,116.3469011023547,64.11501279558897,70.0
-4.117854,55.862885,75.3,159.10262156374853,64.27411541715271,70.0
-4.120287,55.863313,77.8,112.92819302091169,64.38704361017362,70.0
-4.122004,55.863634,80.0,101.30917253063106,64.48835278270425,70.0
-4.123532,55.863942,82.4,56.74362237542219,64.54509640507966,70.0
-4.124376,55.864132,83.3,58.43925042830944,64.60353565550798,70.0
-4.125229,55.864349,83.7,49.047408456352166,64.65258306396433,70.0
-4.125925,55.864554,83.7,67.59667932143694,64.72017974328577,70.0
-4.126829,55.864889,84.1,28.078349820152127,64.74825809310592,70.0
-4.127191,55.865039,84.0,60.3893634971751,64.8086474566031,70.0
-4.127937,55.865385,85.0,139.1302601034465,64.94777771670654,70.0
-4.12956,55.866243,83.0,57.99079715490467,65.00576851386144,70.0
-4.130257,55.866588,82.7,63.92081829282968,65.06968933215427,70.0
-4.131047,55.866954,82.4,66.77884962280471,65.13646818177708,70.0
-4.131901,55.867316,82.5,63.15036612169187,65.19961854789877,70.0
-4.132742,55.867632,83.3,70.74139051677754,65.27035993841555,70.0
-4.133707,55.867966,84.0,118.20375604605653,65.38856369446161,70.0
-4.135377,55.868468,84.3,45.336617403837295,65.43390031186544,70.0
-4.136035,55.868641,85.0,37.839014275325006,65.47173932614076,70.0
-4.136594,55.868773,85.3,92.21216064402667,65.56395148678479,70.0
-4.13798,55.869061,85.3,129.5582593897453,65.69350974617453,70.0
-4.139988,55.869358,85.1,137.06870845010332,65.83057845462463,70.0
-4.142151,55.869574,85.0,124.52887490817645,65.95510732953281,40.0
-4.144137,55.869686,84.7,132.21723838554212,66.08732456791834,40.0
-4.146256,55.869704,84.2,114.23601424390911,66.20156058216226,40.0
-4.148087,55.869698,83.4,82.5597457811778,66.28412032794344,40.0
-4.149409,55.869665,82.5,82.63430813958162,66.36675463608302,40.0
-4.15073,55.869611,82.0,106.19394141186342,66.47294857749489,40.0
-4.152421,55.869502,81.3,115.1213822592673,66.58806995975415,40.0
-4.154247,55.869353,81.1,420.91251308020463,67.00898247283435,40.0
-4.160859,55.868601,79.0,209.38502033653515,67.21836749317089,40.0
-4.164143,55.868213,84.0,272.59511526680103,67.49096260843768,40.0
-4.16843,55.86774,73.7,63.64080179212048,67.5546034102298,40.0
-4.16944,55.86766,73.4,69.72077653095513,67.62432418676076,40.0
-4.170557,55.867678,72.8,44.62599131655983,67.66895017807731,40.0
-4.171265,55.867735,72.4,66.09237587231752,67.73504255394964,40.0
-4.172274,55.867916,73.3,48.29124228097048,67.78333379623061,40.0
-4.17297,55.868106,74.1,57.115065068912635,67.84044886129952,40.0
-4.173728,55.868394,75.3,62.20274360552777,67.90265160490505,40.0
-4.174458,55.868775,75.5,120.09900162205614,68.0227506065271,40.0
-4.175679,55.86961,76.4,84.6900634478168,68.10744066997492,40.0
-4.176563,55.870188,77.7,66.24595772276763,68.17368662769769,40.0
-4.17733,55.8706,78.4,50.02628157541014,68.2237129092731,40.0
-4.177966,55.870874,78.5,91.8374972504802,68.31555040652358,40.0
-4.179169,55.87135,78.0,94.4820925326466,68.41003249905624,40.0
-4.180357,55.871877,78.3,56.83266398184923,68.4668651630381,40.0
-4.181034,55.872219,78.3,106.95929463277322,68.57382445767087,40.0
-4.182259,55.872892,78.3,42.43752540990097,68.61626198308076,40.0
-4.182773,55.873142,78.2,38.732124450653274,68.65499410753142,40.0
-4.183267,55.873353,77.6,51.906349547928805,68.70690045707936,40.0
-4.183988,55.873586,77.3,47.56694063577633,68.75446739771515,40.0
-4.18469,55.873753,76.8,71.68873273656278,68.82615613045171,40.0
-4.185799,55.873922,76.4,53.40827990888352,68.87956441036059,40.0
-4.186653,55.873956,76.1,54.507583676003634,68.9340719940366,40.0
-4.187524,55.873917,75.0,48.894127742599146,68.9829661217792,40.0
-4.188293,55.873832,76.8,58.04818893800693,69.0410143107172,40.0
-4.189177,55.873669,77.6,59.7867116994221,69.10080102241662,40.0
-4.190039,55.873434,78.3,157.6007738722608,69.25840179628888,40.0
-4.192198,55.872698,78.0,74.15634510573008,69.3325581413946,40.0
-4.193234,55.872371,78.2,61.9244943655181,69.39448263576013,40.0
-4.194142,55.872146,75.8,118.29071142669262,69.51277334718681,40.0
-4.195904,55.871753,70.1,75.18568950543141,69.58795903669225,40.0
-4.196991,55.871461,68.4,55.79055176160021,69.64374958845386,40.0
-4.197783,55.871228,64.0,105.34005015719725,69.74908963861105,40.0
-4.199247,55.870756,63.6,156.7151015115646,69.90580474012262,40.0
-4.201359,55.869993,63.0,72.44996540793595,69.97825470553056,40.0
-4.202343,55.869647,64.2,45.215330993477906,70.02347003652405,40.0
-4.202973,55.869446,63.7,54.57588842766452,70.0780459249517,40.0
-4.20374,55.86921,62.8,102.60143852519393,70.1806473634769,40.0
-4.205207,55.868793,59.9,63.0568300857139,70.2437041935626,40.0
-4.206126,55.868557,59.5,207.17364407700774,70.45087783763961,40.0
-4.209196,55.867847,53.0,177.91398816369374,70.6287918258033,40.0
-4.211848,55.867259,46.3,55.136625915554035,70.68392845171886,40.0
-4.212688,55.867105,45.6,57.37242708747874,70.74130087880633,40.0
-4.213586,55.866994,45.5,53.19760824649374,70.79449848705283,40.0
-4.214426,55.866912,45.0,85.49005448440921,70.87998854153724,40.0
-4.215785,55.866814,44.0,106.08962867845372,70.98607817021569,30.0
-4.217475,55.866709,45.6,67.69404025390702,71.0537722104696,30.0
-4.218544,55.866605,46.1,210.15198801907647,71.26392419848868,30.0
-4.221796,55.866113,46.8,45.43301853931546,71.309357217028,30.0
-4.222514,55.866045,47.0,61.2243349860429,71.37058155201403,30.0
-4.223489,55.865983,48.1,71.92843280097765,71.44250998481502,30.0
-4.224641,55.865959,48.8,208.25613971080924,71.65076612452582,30.0
-4.227977,55.866019,49.0,95.05046979426288,71.74581659432009,30.0
-4.229493,55.866103,48.0,83.70961397285318,71.82952620829295,30.0
-4.230822,55.866206,48.0,72.41170126499254,71.90193790955793,30.0
-4.231962,55.866328,47.7,36.61846854711785,71.93855637810506,20.0
-4.232525,55.866421,47.6,47.203317096734594,71.98575969520179,20.0
-4.233219,55.86659,47.5,42.50331968174945,72.02826301488355,20.0
-4.233807,55.866783,47.0,25.668258061368185,72.05393127294492,20.0
-4.234154,55.866907,46.7,111.84330944173749,72.16577458238666,20.0
-4.235582,55.867515,45.7,32.99161018736811,72.19876619257403,20.0
-4.236025,55.867677,45.3,33.00965129238102,72.2317758438664,20.0
-4.236498,55.86781,45.0,5.262084818761692,72.23703792868517,20.0
-4.236576,55.867828,45.0,102.52048920191095,72.33955841788708,20.0
-4.238119,55.868145,46.0,43.912500654290014,72.38347091854136,20.0
-4.238729,55.868342,47.4,78.6681509095399,72.4621390694509,20.0
-4.239788,55.868726,47.2,39.78735712996047,72.50192642658087,20.0
-4.240352,55.868893,47.5,64.80575937738816,72.56673218595824,20.0
-4.241337,55.869078,47.7,185.91979837896787,72.7526519843372,20.0
-4.244239,55.869458,49.0,250.65730246323807,73.00330928680044,20.0
-4.248229,55.869722,44.0,33.23381101824946,73.0365430978187,20.0
-4.248746,55.86965,41.6,8.707162700852853,73.04525026051955,20.0
-4.248869,55.869613,41.7,13.916224372907378,73.05916648489246,20.0
-4.249042,55.869534,41.0,21.194544263628615,73.0803610291561,20.0
-4.2493,55.86941,39.0,32.62602963031094,73.1129870587864,20.0
-4.2497,55.869221,39.0,68.15818058422616,73.18114523937062,20.0
-4.250575,55.868854,33.0,32.69699759095363,73.21384223696158,20.0
-4.250253,55.868622,36.0,135.1247211332427,73.34896695809482,20.0
-4.248788,55.867727,41.0,86.88210885649619,73.43584906695132,20.0
-4.247851,55.867149,43.0,21.01655415287946,73.45686562110421,20.0
-4.247948,55.866968,42.5,82.16160067327847,73.53902722177749,20.0
-4.248228,55.866246,41.0,70.97003363879467,73.60999725541627,20.0
-4.248467,55.865622,35.0,123.44480647283255,73.73344206188912,20.0
-4.248894,55.864538,36.0,44.246760212411175,73.77768882210152,20.0
-4.249589,55.864617,33.0,8.220213068805643,73.78590903517033,20.0
-4.249718,55.864632,33.0,18.891168424380652,73.80480020359471,20.0
-4.250016,55.864662,37.0,35.103044277255776,73.83990324787197,20.0
-4.250569,55.86472,37.0,65.63054633435078,73.90553379420632,20.0
-4.251605,55.864822,37.5,0.0,73.90553379420632,20.0
